Datetime,Open,High,Low,Close
2024-07-23 09:00:00+02:00,7855.0,7882.0,7788.0,7857.0
2024-07-23 13:00:00+02:00,7850.0,7933.0,7819.0,7926.0
2024-07-24 09:00:00+02:00,7876.0,7895.0,7797.0,7824.0
2024-07-24 13:00:00+02:00,7823.0,7858.0,7807.0,7830.0
2024-07-25 09:00:00+02:00,7775.0,7850.0,7758.0,7847.0
2024-07-25 13:00:00+02:00,7847.0,8000.0,7813.0,7992.0
2024-07-26 09:00:00+02:00,8001.0,8050.0,7967.0,8001.0
2024-07-26 13:00:00+02:00,7998.0,8024.0,7961.0,8002.0
2024-07-29 09:00:00+02:00,8003.0,8045.0,7924.0,7954.0
2024-07-29 13:00:00+02:00,7956.0,7998.0,7947.0,7950.0
2024-07-30 09:00:00+02:00,8017.0,8100.0,7935.0,8081.0
2024-07-30 13:00:00+02:00,8084.0,8099.0,8035.0,8097.0
2024-07-31 09:00:00+02:00,8100.0,8179.0,8086.0,8160.0
2024-07-31 13:00:00+02:00,8160.0,8220.0,8141.0,8180.0
2024-08-01 09:00:00+02:00,8170.0,8173.0,8105.0,8161.0
2024-08-01 13:00:00+02:00,8158.0,8169.0,8073.0,8095.0
2024-08-02 09:00:00+02:00,8050.0,8050.0,7926.0,7985.0
2024-08-02 13:00:00+02:00,7986.0,8039.0,7969.0,7985.0
2024-08-05 09:00:00+02:00,7753.0,7842.0,7690.0,7770.0
2024-08-05 13:00:00+02:00,7774.0,7864.0,7716.0,7859.0
2024-08-06 09:00:00+02:00,7880.0,7919.0,7820.0,7832.0
2024-08-06 13:00:00+02:00,7832.0,7845.0,7742.0,7809.0
2024-08-07 09:00:00+02:00,7910.0,7910.0,7823.0,7889.0
2024-08-07 13:00:00+02:00,7889.0,7928.0,7868.0,7881.0
2024-08-08 09:00:00+02:00,7851.0,7920.0,7703.0,7895.0
2024-08-08 13:00:00+02:00,7895.0,8009.0,7885.0,7977.0
2024-08-12 09:00:00+02:00,8018.0,8051.0,7934.0,7936.0
2024-08-12 13:00:00+02:00,7933.0,7981.0,7887.0,7975.0
2024-08-13 09:00:00+02:00,7945.0,8008.0,7940.0,7949.0
2024-08-13 13:00:00+02:00,7946.0,8044.0,7945.0,8024.0
2024-08-14 09:00:00+02:00,8060.0,8149.0,7997.0,8137.0
2024-08-14 13:00:00+02:00,8137.0,8193.0,8113.0,8158.0
2024-08-15 09:00:00+02:00,8125.0,8246.0,8125.0,8225.0
2024-08-15 13:00:00+02:00,8225.0,8341.0,8210.0,8300.0
2024-08-16 09:00:00+02:00,8270.0,8398.0,8270.0,8308.0
2024-08-16 13:00:00+02:00,8308.0,8329.0,8221.0,8315.0
2024-08-19 09:00:00+02:00,8323.0,8468.0,8323.0,8434.0
2024-08-19 13:00:00+02:00,8435.0,8520.0,8419.0,8460.0
2024-08-20 09:00:00+02:00,8450.0,8530.0,8389.0,8428.0
2024-08-20 13:00:00+02:00,8428.0,8437.0,8371.0,8394.0
2024-08-21 09:00:00+02:00,8360.0,8489.0,8360.0,8480.0
2024-08-21 13:00:00+02:00,8477.0,8479.0,8413.0,8436.0
2024-08-22 09:00:00+02:00,8411.0,8506.0,8411.0,8480.0
2024-08-22 13:00:00+02:00,8479.0,8483.0,8322.0,8351.0
2024-08-23 09:00:00+02:00,8376.0,8455.0,8356.0,8426.0
2024-08-23 13:00:00+02:00,8425.0,8598.0,8234.0,8516.0
2024-08-26 09:00:00+02:00,8510.0,8537.0,8425.0,8504.0
2024-08-26 13:00:00+02:00,8504.0,8588.0,8473.0,8537.0
2024-08-27 09:00:00+02:00,8540.0,8625.0,8496.0,8498.0
2024-08-27 13:00:00+02:00,8501.0,8636.0,8490.0,8636.0
2024-08-28 09:00:00+02:00,8621.0,8713.0,8611.0,8625.0
2024-08-28 13:00:00+02:00,8627.0,8655.0,8609.0,8621.0
2024-08-29 09:00:00+02:00,8606.0,8674.0,8550.0,8650.0
2024-08-29 13:00:00+02:00,8647.0,8700.0,8630.0,8687.0
2024-08-30 09:00:00+02:00,8671.0,8715.0,8573.0,8591.0
2024-08-30 13:00:00+02:00,8597.0,8619.0,8513.0,8598.0
2024-09-02 09:00:00+02:00,8585.0,8616.0,8500.0,8512.0
2024-09-02 13:00:00+02:00,8515.0,8594.0,8490.0,8557.0
2024-09-03 09:00:00+02:00,8550.0,8625.0,8460.0,8480.0
2024-09-03 13:00:00+02:00,8480.0,8532.0,8395.0,8404.0
2024-09-04 09:00:00+02:00,8399.0,8501.0,8387.0,8412.0
2024-09-04 13:00:00+02:00,8410.0,8551.0,8410.0,8518.0
2024-09-05 09:00:00+02:00,8530.0,8540.0,8406.0,8467.0
2024-09-05 13:00:00+02:00,8467.0,8513.0,8457.0,8467.0
2024-09-06 09:00:00+02:00,8500.0,8536.0,8464.0,8512.0
2024-09-06 13:00:00+02:00,8514.0,8546.0,8452.0,8456.0
2024-09-09 09:00:00+02:00,8425.0,8586.0,8350.0,8536.0
2024-09-09 13:00:00+02:00,8540.0,8597.0,8535.0,8546.0
2024-09-10 09:00:00+02:00,8535.0,8682.0,8525.0,8639.0
2024-09-10 13:00:00+02:00,8641.0,8687.0,8608.0,8680.0
2024-09-11 09:00:00+02:00,8674.0,8680.0,8552.0,8563.0
2024-09-11 13:00:00+02:00,8561.0,8609.0,8511.0,8527.0
2024-09-12 09:00:00+02:00,8789.0,8922.0,8554.0,8607.0
2024-09-12 13:00:00+02:00,8609.0,8667.0,8540.0,8627.0
2024-09-13 09:00:00+02:00,8618.0,8618.0,8425.0,8454.0
2024-09-13 13:00:00+02:00,8453.0,8464.0,8300.0,8338.0
2024-09-16 09:00:00+02:00,8355.0,8432.0,8306.0,8390.0
2024-09-16 13:00:00+02:00,8389.0,8407.0,8234.0,8234.0
2024-09-17 09:00:00+02:00,8299.0,8368.0,8250.0,8272.0
2024-09-17 13:00:00+02:00,8272.0,8344.0,8260.0,8298.0
2024-09-18 09:00:00+02:00,8276.0,8350.0,8276.0,8317.0
2024-09-18 13:00:00+02:00,8317.0,8363.0,8269.0,8346.0
2024-09-19 09:00:00+02:00,8450.0,8462.0,8319.0,8357.0
2024-09-19 13:00:00+02:00,8353.0,8394.0,8295.0,8315.0
2024-09-20 09:00:00+02:00,8342.0,8414.0,8315.0,8404.0
2024-09-20 13:00:00+02:00,8403.0,8498.0,8400.0,8446.0
2024-09-23 09:00:00+02:00,8499.0,8628.0,8460.0,8559.0
2024-09-23 13:00:00+02:00,8559.0,8594.0,8519.0,8572.0
2024-09-25 09:00:00+02:00,8673.0,8734.0,8594.0,8635.0
2024-09-25 13:00:00+02:00,8635.0,8683.0,8598.0,8615.0
2024-09-26 09:00:00+02:00,8535.0,8711.0,8528.0,8545.0
2024-09-26 13:00:00+02:00,8545.0,8586.0,8525.0,8564.0
2024-09-27 09:00:00+02:00,8535.0,8548.0,8414.0,8451.0
2024-09-27 13:00:00+02:00,8450.0,8497.0,8434.0,8485.0
2024-09-30 09:00:00+02:00,8461.0,8499.0,8320.0,8337.0
2024-09-30 13:00:00+02:00,8337.0,8392.0,8288.0,8356.0
2024-10-01 09:00:00+02:00,8325.0,8395.0,8275.0,8332.0
2024-10-01 13:00:00+02:00,8331.0,8370.0,8147.0,8235.0
2024-10-02 09:00:00+02:00,8211.0,8285.0,8176.0,8256.0
2024-10-02 13:00:00+02:00,8256.0,8262.0,8160.0,8213.0
2024-10-03 09:00:00+02:00,8281.0,8281.0,8157.0,8171.0
2024-10-03 13:00:00+02:00,8173.0,8197.0,8131.0,8149.0
2024-10-04 09:00:00+02:00,8176.0,8241.0,8153.0,8162.0
2024-10-04 13:00:00+02:00,8171.0,8231.0,8153.0,8179.0
2024-10-07 09:00:00+02:00,8165.0,8253.0,8145.0,8190.0
2024-10-07 13:00:00+02:00,8185.0,8221.0,8170.0,8197.0
2024-10-08 09:00:00+02:00,8166.0,8250.0,8166.0,8233.0
2024-10-08 13:00:00+02:00,8233.0,8256.0,8120.0,8208.0
2024-10-09 09:00:00+02:00,8000.0,8007.0,7883.0,7900.0
2024-10-09 13:00:00+02:00,7899.0,7901.0,7801.0,7881.0
2024-10-10 09:00:00+02:00,7930.0,8029.0,7910.0,7979.0
2024-10-10 13:00:00+02:00,7980.0,8030.0,7943.0,7970.0
2024-10-11 09:00:00+02:00,7980.0,8178.0,7925.0,8176.0
2024-10-11 13:00:00+02:00,8174.0,8240.0,8159.0,8220.0
2024-10-14 09:00:00+02:00,8205.0,8255.0,8172.0,8223.0
2024-10-14 13:00:00+02:00,8218.0,8271.0,8206.0,8226.0
2024-10-15 09:00:00+02:00,8200.0,8248.0,8178.0,8219.0
2024-10-15 13:00:00+02:00,8218.0,8295.0,8218.0,8267.0
2024-10-16 09:00:00+02:00,8285.0,8285.0,8181.0,8264.0
2024-10-16 13:00:00+02:00,8261.0,8318.0,8251.0,8295.0
2024-10-17 09:00:00+02:00,8255.0,8326.0,8240.0,8288.0
2024-10-17 13:00:00+02:00,8286.0,8300.0,8198.0,8217.0
2024-10-18 09:00:00+02:00,8207.0,8289.0,8188.0,8247.0
2024-10-18 13:00:00+02:00,8249.0,8260.0,8185.0,8255.0
2024-10-21 09:00:00+02:00,8227.0,8265.0,8207.0,8215.0
2024-10-21 13:00:00+02:00,8216.0,8255.0,8213.0,8230.0
2024-10-22 09:00:00+02:00,8230.0,8272.0,8134.0,8155.0
2024-10-22 13:00:00+02:00,8158.0,8200.0,8117.0,8169.0
2024-10-23 09:00:00+02:00,8190.0,8253.0,8134.0,8230.0
2024-10-23 13:00:00+02:00,8228.0,8292.0,8196.0,8197.0
2024-10-24 09:00:00+02:00,8180.0,8304.0,8180.0,8232.0
2024-10-24 13:00:00+02:00,8231.0,8315.0,8225.0,8300.0
2024-10-25 09:00:00+02:00,8286.0,8346.0,8276.0,8280.0
2024-10-25 13:00:00+02:00,8284.0,8304.0,8031.0,8100.0
2024-10-28 09:00:00+02:00,8035.0,8106.0,7987.0,7994.0
2024-10-28 13:00:00+02:00,7994.0,8007.0,7975.0,8000.0
2024-10-29 09:00:00+02:00,7983.0,7983.0,7721.0,7750.0
2024-10-29 13:00:00+02:00,7750.0,7750.0,7599.0,7660.0
2024-10-30 09:00:00+02:00,7660.0,7795.0,7630.0,7764.0
2024-10-30 13:00:00+02:00,7764.0,7766.0,7617.0,7700.0
2024-10-31 09:00:00+02:00,7720.0,7735.0,7660.0,7700.0
2024-10-31 13:00:00+02:00,7700.0,7729.0,7682.0,7710.0
2024-11-01 09:00:00+02:00,7685.0,7752.0,7661.0,7706.0
2024-11-01 13:00:00+02:00,7702.0,7791.0,7685.0,7791.0
2024-11-04 09:00:00+02:00,7750.0,7811.0,7713.0,7809.0
2024-11-04 13:00:00+02:00,7801.0,7823.0,7744.0,7775.0
2024-11-05 09:00:00+02:00,7751.0,7798.0,7665.0,7744.0
2024-11-05 13:00:00+02:00,7746.0,7764.0,7683.0,7730.0
2024-11-06 09:00:00+02:00,7690.0,7747.0,7625.0,7692.0
2024-11-06 13:00:00+02:00,7692.0,7729.0,7640.0,7720.0
2024-11-07 09:00:00+02:00,7720.0,7848.0,7720.0,7783.0
2024-11-07 13:00:00+02:00,7784.0,7952.0,7760.0,7916.0
2024-11-08 09:00:00+02:00,7887.0,7928.0,7859.0,7890.0
2024-11-08 13:00:00+02:00,7890.0,7912.0,7848.0,7908.0
2024-11-11 09:00:00+02:00,7865.0,7944.0,7820.0,7827.0
2024-11-11 13:00:00+02:00,7824.0,7839.0,7792.0,7838.0
2024-11-12 09:00:00+02:00,7790.0,7837.0,7702.0,7702.0
2024-11-12 13:00:00+02:00,7707.0,7833.0,7702.0,7778.0
2024-11-13 09:00:00+02:00,7725.0,7760.0,7675.0,7691.0
2024-11-13 13:00:00+02:00,7691.0,7698.0,7656.0,7672.0
2024-11-14 09:00:00+02:00,7665.0,7762.0,7656.0,7705.0
2024-11-14 13:00:00+02:00,7705.0,7716.0,7671.0,7678.0
2024-11-15 09:00:00+02:00,7656.0,7707.0,7640.0,7682.0
2024-11-15 13:00:00+02:00,7682.0,7683.0,7594.0,7625.0
2024-11-18 09:00:00+02:00,7650.0,7706.0,7603.0,7651.0
2024-11-18 13:00:00+02:00,7651.0,7662.0,7610.0,7623.0
2024-11-19 09:00:00+02:00,7696.0,7707.0,7578.0,7615.0
2024-11-19 13:00:00+02:00,7615.0,7661.0,7611.0,7638.0
2024-11-20 09:00:00+02:00,7688.0,7732.0,7668.0,7712.0
2024-11-20 13:00:00+02:00,7714.0,7899.0,7697.0,7727.0
2024-11-21 09:00:00+02:00,7715.0,7814.0,7715.0,7799.0
2024-11-21 13:00:00+02:00,7801.0,7884.0,7789.0,7875.0
2024-11-22 09:00:00+02:00,7880.0,7885.0,7785.0,7792.0
2024-11-22 13:00:00+02:00,7797.0,7829.0,7786.0,7828.0
2024-11-25 09:00:00+02:00,7750.0,7849.0,7750.0,7776.0
2024-11-25 13:00:00+02:00,7778.0,7811.0,7731.0,7792.0
2024-11-26 09:00:00+02:00,7710.0,7914.0,7710.0,7865.0
2024-11-26 13:00:00+02:00,7865.0,7910.0,7818.0,7910.0
2024-11-27 09:00:00+02:00,7920.0,8111.0,7920.0,7963.0
2024-11-27 13:00:00+02:00,7963.0,7963.0,7852.0,7885.0
2024-11-28 09:00:00+02:00,7835.0,7942.0,7835.0,7900.0
2024-11-28 13:00:00+02:00,7900.0,7928.0,7889.0,7896.0
2024-11-29 09:00:00+02:00,7898.0,7898.0,7706.0,7770.0
2024-11-29 13:00:00+02:00,7770.0,7774.0,7703.0,7703.0
2024-12-02 09:00:00+02:00,7660.0,7831.0,7655.0,7777.0
2024-12-02 13:00:00+02:00,7774.0,7839.0,7759.0,7811.0
2024-12-03 09:00:00+02:00,7750.0,7862.0,7750.0,7840.0
2024-12-03 13:00:00+02:00,7841.0,7867.0,7723.0,7738.0
2024-12-04 09:00:00+02:00,7671.0,7884.0,7671.0,7863.0
2024-12-04 13:00:00+02:00,7863.0,7909.0,7802.0,7813.0
2024-12-05 09:00:00+02:00,7825.0,8049.0,7701.0,8034.0
2024-12-05 13:00:00+02:00,8037.0,8050.0,7981.0,8024.0
2024-12-06 09:00:00+02:00,8027.0,8064.0,7945.0,7987.0
2024-12-06 13:00:00+02:00,7987.0,7995.0,7945.0,7967.0
2024-12-09 09:00:00+02:00,8000.0,8045.0,7944.0,7959.0
2024-12-09 13:00:00+02:00,7959.0,8080.0,7953.0,8030.0
2024-12-10 09:00:00+02:00,7986.0,8080.0,7986.0,8048.0
2024-12-10 13:00:00+02:00,8050.0,8074.0,8007.0,8056.0
2024-12-11 09:00:00+02:00,8015.0,8043.0,7917.0,7963.0
2024-12-11 13:00:00+02:00,7962.0,8130.0,7955.0,8050.0
2024-12-12 09:00:00+02:00,8047.0,8111.0,8014.0,8068.0
2024-12-12 13:00:00+02:00,8067.0,8108.0,8012.0,8043.0
2024-12-13 09:00:00+02:00,8005.0,8084.0,7992.0,8025.0
2024-12-13 13:00:00+02:00,8025.0,8160.0,8025.0,8159.0
2024-12-17 09:00:00+02:00,8120.0,8161.0,7934.0,8000.0
2024-12-17 13:00:00+02:00,7999.0,8000.0,7877.0,7889.0
2024-12-18 09:00:00+02:00,7884.0,7938.0,7871.0,7901.0
2024-12-18 13:00:00+02:00,7896.0,7937.0,7845.0,7860.0
2024-12-19 09:00:00+02:00,7870.0,7870.0,7683.0,7837.0
2024-12-19 13:00:00+02:00,7833.0,7862.0,7738.0,7758.0
2024-12-20 09:00:00+02:00,7800.0,7800.0,7644.0,7663.0
2024-12-20 13:00:00+02:00,7663.0,7895.0,7609.0,7725.0
2024-12-23 09:00:00+02:00,7721.0,7791.0,7719.0,7774.0
2024-12-23 13:00:00+02:00,7772.0,7785.0,7628.0,7697.0
2024-12-24 09:00:00+02:00,7690.0,7813.0,7690.0,7760.0
2024-12-27 09:00:00+02:00,7690.0,7749.0,7595.0,7626.0
2024-12-27 13:00:00+02:00,7626.0,7681.0,7612.0,7680.0
2024-12-30 09:00:00+02:00,7688.0,7708.0,7608.0,7684.0
2024-12-30 13:00:00+02:00,7683.0,7698.0,7600.0,7650.0
2024-12-31 09:00:00+02:00,7600.0,7676.0,7596.0,7596.0
2025-01-02 09:00:00+02:00,7603.0,7712.0,7603.0,7633.0
2025-01-02 13:00:00+02:00,7633.0,7676.0,7603.0,7609.0
2025-01-03 09:00:00+02:00,7615.0,7695.0,7550.0,7682.0
2025-01-03 13:00:00+02:00,7679.0,7728.0,7652.0,7717.0
2025-01-06 09:00:00+02:00,7745.0,7825.0,7722.0,7735.0
2025-01-06 13:00:00+02:00,7735.0,7794.0,7695.0,7705.0
2025-01-07 09:00:00+02:00,7601.0,7844.0,7601.0,7733.0
2025-01-07 13:00:00+02:00,7738.0,7771.0,7696.0,7697.0
2025-01-08 09:00:00+02:00,7750.0,7750.0,7624.0,7651.0
2025-01-08 13:00:00+02:00,7658.0,7660.0,7585.0,7601.0
2025-01-09 09:00:00+02:00,7615.0,7631.0,7522.0,7533.0
2025-01-09 13:00:00+02:00,7532.0,7549.0,7487.0,7533.0
2025-01-10 09:00:00+02:00,7490.0,7577.0,7456.0,7522.0
2025-01-10 13:00:00+02:00,7520.0,7530.0,7437.0,7454.0
2025-01-13 09:00:00+02:00,7460.0,7460.0,7270.0,7295.0
2025-01-13 13:00:00+02:00,7295.0,7350.0,7242.0,7300.0
2025-01-14 09:00:00+02:00,7345.0,7438.0,7330.0,7398.0
2025-01-14 13:00:00+02:00,7400.0,7407.0,7328.0,7330.0
2025-01-15 09:00:00+02:00,7399.0,7444.0,7321.0,7420.0
2025-01-15 13:00:00+02:00,7421.0,7573.0,7417.0,7544.0
2025-01-16 09:00:00+02:00,7451.0,7597.0,7451.0,7462.0
2025-01-16 13:00:00+02:00,7463.0,7503.0,7443.0,7480.0
2025-01-17 09:00:00+02:00,7485.0,7621.0,7484.0,7616.0
2025-01-17 13:00:00+02:00,7619.0,7640.0,7550.0,7635.0
2025-01-20 09:00:00+02:00,7600.0,7732.0,7600.0,7702.0
2025-01-20 13:00:00+02:00,7700.0,7710.0,7593.0,7661.0
2025-01-21 09:00:00+02:00,7645.0,7866.0,7589.0,7846.0
2025-01-21 13:00:00+02:00,7845.0,7882.0,7812.0,7837.0
2025-01-22 09:00:00+02:00,7801.0,7913.0,7778.0,7883.0
2025-01-22 13:00:00+02:00,7877.0,7880.0,7770.0,7818.0
2025-01-23 09:00:00+02:00,7800.0,7800.0,7667.0,7700.0
2025-01-23 13:00:00+02:00,7700.0,7733.0,7679.0,7710.0
2025-01-24 09:00:00+02:00,7760.0,7810.0,7660.0,7717.0
2025-01-24 13:00:00+02:00,7716.0,7718.0,7588.0,7600.0
2025-01-27 09:00:00+02:00,7505.0,7549.0,7430.0,7446.0
2025-01-27 13:00:00+02:00,7445.0,7532.0,7438.0,7514.0
2025-01-28 09:00:00+02:00,7520.0,7563.0,7418.0,7559.0
2025-01-28 13:00:00+02:00,7559.0,7610.0,7541.0,7571.0
2025-01-29 09:00:00+02:00,7586.0,7666.0,7562.0,7650.0
2025-01-29 13:00:00+02:00,7650.0,7727.0,7612.0,7614.0
2025-01-30 09:00:00+02:00,7640.0,7671.0,7616.0,7658.0
2025-01-30 13:00:00+02:00,7657.0,7695.0,7641.0,7673.0
2025-01-31 09:00:00+02:00,7644.0,7676.0,7584.0,7602.0
2025-01-31 13:00:00+02:00,7602.0,7633.0,7562.0,7611.0
2025-02-03 09:00:00+02:00,7500.0,7541.0,7430.0,7506.0
2025-02-03 13:00:00+02:00,7506.0,7578.0,7506.0,7541.0
2025-02-04 09:00:00+02:00,7450.0,7615.0,7450.0,7604.0
2025-02-04 13:00:00+02:00,7602.0,7606.0,7482.0,7500.0
2025-02-05 09:00:00+02:00,7526.0,7577.0,7501.0,7537.0
2025-02-05 13:00:00+02:00,7537.0,7537.0,7446.0,7460.0
2025-02-06 09:00:00+02:00,7495.0,7592.0,7464.0,7574.0
2025-02-06 13:00:00+02:00,7573.0,7615.0,7547.0,7575.0
2025-02-07 09:00:00+02:00,7520.0,7670.0,7520.0,7620.0
2025-02-07 13:00:00+02:00,7619.0,7665.0,7600.0,7636.0
2025-02-10 09:00:00+02:00,7625.0,7630.0,7567.0,7586.0
2025-02-10 13:00:00+02:00,7591.0,7625.0,7586.0,7610.0
2025-02-11 09:00:00+02:00,7649.0,7649.0,7527.0,7564.0
2025-02-11 13:00:00+02:00,7564.0,7609.0,7549.0,7596.0
2025-02-12 09:00:00+02:00,7580.0,7654.0,7562.0,7602.0
2025-02-12 13:00:00+02:00,7599.0,7603.0,7540.0,7562.0
2025-02-13 09:00:00+02:00,7540.0,7653.0,7526.0,7546.0
2025-02-13 13:00:00+02:00,7544.0,7576.0,7475.0,7476.0
2025-02-14 09:00:00+02:00,7550.0,7550.0,7415.0,7425.0
2025-02-14 13:00:00+02:00,7425.0,7435.0,7395.0,7418.0
2025-02-17 09:00:00+02:00,7439.0,7441.0,7332.0,7350.0
2025-02-17 13:00:00+02:00,7343.0,7383.0,7298.0,7346.0
2025-02-18 09:00:00+02:00,7315.0,7321.0,7173.0,7292.0
2025-02-18 13:00:00+02:00,7282.0,7365.0,7282.0,7323.0
2025-02-19 09:00:00+02:00,7390.0,7416.0,7339.0,7358.0
2025-02-19 13:00:00+02:00,7358.0,7377.0,7232.0,7273.0
2025-02-20 09:00:00+02:00,7203.0,7236.0,7085.0,7143.0
2025-02-20 13:00:00+02:00,7141.0,7224.0,7136.0,7199.0
2025-02-21 09:00:00+02:00,7204.0,7281.0,7172.0,7226.0
2025-02-21 13:00:00+02:00,7227.0,7281.0,7215.0,7261.0
2025-02-24 09:00:00+02:00,7240.0,7323.0,7230.0,7262.0
2025-02-24 13:00:00+02:00,7263.0,7263.0,7160.0,7182.0
2025-02-25 09:00:00+02:00,7199.0,7210.0,7133.0,7181.0
2025-02-25 13:00:00+02:00,7185.0,7208.0,7174.0,7200.0
2025-02-26 09:00:00+02:00,7238.0,7323.0,7237.0,7310.0
2025-02-26 13:00:00+02:00,7311.0,7312.0,7257.0,7267.0
2025-02-27 09:00:00+02:00,7250.0,7287.0,7206.0,7218.0
2025-02-27 13:00:00+02:00,7216.0,7245.0,7134.0,7156.0
2025-02-28 09:00:00+02:00,7140.0,7183.0,7066.0,7110.0
2025-02-28 13:00:00+02:00,7106.0,7160.0,7090.0,7100.0
2025-03-03 09:00:00+02:00,7109.0,7199.0,7083.0,7192.0
2025-03-03 13:00:00+02:00,7192.0,7252.0,7187.0,7220.0
2025-03-04 09:00:00+02:00,7195.0,7272.0,7122.0,7248.0
2025-03-04 13:00:00+02:00,7247.0,7282.0,7183.0,7189.0
2025-03-05 09:00:00+02:00,7223.0,7290.0,7212.0,7264.0
2025-03-05 13:00:00+02:00,7264.0,7278.0,7155.0,7165.0
2025-03-06 09:00:00+02:00,7300.0,7479.0,7125.0,7218.0
2025-03-06 13:00:00+02:00,7212.0,7287.0,7155.0,7158.0
2025-03-07 09:00:00+02:00,7180.0,7419.0,7140.0,7409.0
2025-03-07 13:00:00+02:00,7407.0,7437.0,7340.0,7418.0
2025-03-10 09:00:00+02:00,7411.0,7463.0,7316.0,7351.0
2025-03-10 13:00:00+02:00,7351.0,7417.0,7343.0,7401.0
2025-03-11 09:00:00+02:00,7365.0,7450.0,7307.0,7310.0
2025-03-11 13:00:00+02:00,7306.0,7350.0,7278.0,7284.0
2025-03-12 09:00:00+02:00,7265.0,7334.0,7211.0,7325.0
2025-03-12 13:00:00+02:00,7322.0,7355.0,7206.0,7242.0
2025-03-13 09:00:00+02:00,7210.0,7296.0,7183.0,7229.0
2025-03-13 13:00:00+02:00,7235.0,7331.0,7209.0,7262.0
2025-03-14 09:00:00+02:00,7345.0,7439.0,7305.0,7423.0
2025-03-14 13:00:00+02:00,7429.0,7440.0,7371.0,7430.0
2025-03-17 09:00:00+02:00,7375.0,7499.0,7375.0,7440.0
2025-03-17 13:00:00+02:00,7436.0,7454.0,7403.0,7420.0
2025-03-18 09:00:00+02:00,7415.0,7521.0,7415.0,7472.0
2025-03-18 13:00:00+02:00,7476.0,7539.0,7411.0,7420.0
2025-03-19 09:00:00+02:00,7400.0,7479.0,7380.0,7415.0
2025-03-19 13:00:00+02:00,7416.0,7486.0,7403.0,7462.0
2025-03-20 09:00:00+02:00,7453.0,7495.0,7417.0,7453.0
2025-03-20 13:00:00+02:00,7456.0,7489.0,7292.0,7420.0
2025-03-24 09:00:00+02:00,7434.0,7559.0,7406.0,7426.0
2025-03-24 13:00:00+02:00,7428.0,7443.0,7317.0,7322.0
2025-03-25 09:00:00+02:00,7329.0,7453.0,7282.0,7429.0
2025-03-25 13:00:00+02:00,7428.0,7493.0,7426.0,7490.0
2025-03-26 09:00:00+02:00,7500.0,7585.0,7483.0,7569.0
2025-03-26 13:00:00+02:00,7569.0,7612.0,7550.0,7573.0
2025-03-27 09:00:00+02:00,7599.0,7600.0,7542.0,7543.0
2025-03-27 13:00:00+02:00,7542.0,7568.0,7504.0,7568.0
2025-03-28 09:00:00+02:00,7530.0,7545.0,7406.0,7430.0
2025-03-28 13:00:00+02:00,7430.0,7435.0,7310.0,7343.0
2025-03-31 09:00:00+02:00,7325.0,7344.0,7181.0,7183.0
2025-03-31 13:00:00+02:00,7190.0,7242.0,7174.0,7242.0
2025-04-01 09:00:00+02:00,7210.0,7468.0,7206.0,7349.0
2025-04-01 13:00:00+02:00,7349.0,7396.0,7252.0,7312.0
2025-04-02 09:00:00+02:00,7149.0,7176.0,6971.0,6982.0
2025-04-02 13:00:00+02:00,6982.0,6994.0,6853.0,6913.0
2025-04-03 09:00:00+02:00,6769.0,6771.0,6503.0,6539.0
2025-04-03 13:00:00+02:00,6539.0,6621.0,6525.0,6550.0
2025-04-04 09:00:00+02:00,6523.0,6540.0,6283.0,6408.0
2025-04-04 13:00:00+02:00,6406.0,6434.0,6286.0,6297.0
2025-04-07 09:00:00+02:00,6148.0,6588.0,5908.0,6473.0
2025-04-07 13:00:00+02:00,6474.0,6644.0,6390.0,6416.0
2025-04-08 09:00:00+02:00,6580.0,6763.0,6444.0,6665.0
2025-04-08 13:00:00+02:00,6665.0,6846.0,6641.0,6784.0
2025-04-09 09:00:00+02:00,6600.0,6705.0,6512.0,6659.0
2025-04-09 13:00:00+02:00,6658.0,6678.0,6585.0,6629.0
2025-04-10 09:00:00+02:00,6950.0,7172.0,6875.0,6915.0
2025-04-10 13:00:00+02:00,6916.0,6946.0,6838.0,6885.0
2025-04-11 09:00:00+02:00,6885.0,6900.0,6650.0,6738.0
2025-04-11 13:00:00+02:00,6737.0,6775.0,6669.0,6680.0
2025-04-14 09:00:00+02:00,6800.0,6963.0,6749.0,6945.0
2025-04-14 13:00:00+02:00,6947.0,7034.0,6894.0,7010.0
2025-04-15 09:00:00+02:00,6987.0,7099.0,6936.0,7067.0
2025-04-15 13:00:00+02:00,7072.0,7147.0,7060.0,7090.0
2025-04-16 09:00:00+02:00,6989.0,7066.0,6946.0,7001.0
2025-04-16 13:00:00+02:00,7004.0,7025.0,6927.0,6937.0
2025-04-17 09:00:00+02:00,6960.0,7056.0,6936.0,6960.0
2025-04-17 13:00:00+02:00,6962.0,6990.0,6920.0,6966.0
2025-04-22 09:00:00+02:00,7030.0,7041.0,6929.0,7023.0
2025-04-22 13:00:00+02:00,7022.0,7037.0,6917.0,6934.0
2025-04-23 09:00:00+02:00,7010.0,7199.0,7010.0,7128.0
2025-04-23 13:00:00+02:00,7133.0,7165.0,7031.0,7033.0
2025-04-24 09:00:00+02:00,7047.0,7111.0,7000.0,7102.0
2025-04-24 13:00:00+02:00,7102.0,7139.0,7072.0,7110.0
2025-04-25 09:00:00+02:00,7199.0,7199.0,7080.0,7179.0
2025-04-25 13:00:00+02:00,7178.0,7224.0,7150.0,7179.0
2025-04-29 09:00:00+02:00,7150.0,7315.0,7149.0,7314.0
2025-04-29 13:00:00+02:00,7310.0,7343.0,7304.0,7334.0
2025-04-30 09:00:00+02:00,7333.0,7404.0,7274.0,7378.0
2025-04-30 13:00:00+02:00,7379.0,7397.0,7250.0,7275.0
2025-05-02 09:00:00+02:00,7240.0,7420.0,7240.0,7340.0
2025-05-02 13:00:00+02:00,7340.0,7408.0,7313.0,7394.0
2025-05-05 09:00:00+02:00,7323.0,7421.0,7319.0,7369.0
2025-05-05 13:00:00+02:00,7365.0,7371.0,7318.0,7365.0
2025-05-06 09:00:00+02:00,7305.0,7364.0,7169.0,7187.0
2025-05-06 13:00:00+02:00,7188.0,7209.0,7116.0,7184.0
2025-05-07 09:00:00+02:00,7250.0,7340.0,7233.0,7270.0
2025-05-07 13:00:00+02:00,7271.0,7283.0,7209.0,7215.0
2025-05-08 09:00:00+02:00,7258.0,7325.0,7188.0,7227.0
2025-05-08 13:00:00+02:00,7227.0,7232.0,7165.0,7185.0
2025-05-09 09:00:00+02:00,7206.0,7314.0,7175.0,7272.0
2025-05-09 13:00:00+02:00,7271.0,7331.0,7266.0,7268.0
2025-05-12 09:00:00+02:00,7335.0,7583.0,7320.0,7512.0
2025-05-12 13:00:00+02:00,7510.0,7512.0,7386.0,7403.0
2025-05-13 09:00:00+02:00,7450.0,7500.0,7400.0,7443.0
2025-05-13 13:00:00+02:00,7442.0,7471.0,7333.0,7377.0
2025-05-14 09:00:00+02:00,7415.0,7499.0,7346.0,7372.0
2025-05-14 13:00:00+02:00,7371.0,7408.0,7324.0,7351.0
2025-05-15 09:00:00+02:00,7345.0,7428.0,7297.0,7382.0
2025-05-15 13:00:00+02:00,7382.0,7526.0,7367.0,7477.0
2025-05-16 09:00:00+02:00,7510.0,7575.0,7487.0,7522.0
2025-05-16 13:00:00+02:00,7522.0,7583.0,7497.0,7561.0
2025-05-19 09:00:00+02:00,7537.0,7590.0,7377.0,7377.0
2025-05-19 13:00:00+02:00,7377.0,7460.0,7355.0,7415.0
2025-05-20 09:00:00+02:00,7397.0,7432.0,7328.0,7339.0
2025-05-20 13:00:00+02:00,7340.0,7393.0,7317.0,7350.0
2025-05-21 09:00:00+02:00,7282.0,7388.0,7250.0,7351.0
2025-05-21 13:00:00+02:00,7349.0,7364.0,7318.0,7345.0
2025-05-22 09:00:00+02:00,7304.0,7342.0,7182.0,7208.0
2025-05-22 13:00:00+02:00,7207.0,7290.0,7190.0,7266.0
2025-05-23 09:00:00+02:00,7292.0,7324.0,7250.0,7274.0
2025-05-23 13:00:00+02:00,7272.0,7281.0,7107.0,7183.0
2025-05-26 09:00:00+02:00,7201.0,7352.0,7146.0,7333.0
2025-05-26 13:00:00+02:00,7333.0,7389.0,7290.0,7374.0
2025-05-27 09:00:00+02:00,7301.0,7480.0,7301.0,7433.0
2025-05-27 13:00:00+02:00,7432.0,7432.0,7363.0,7403.0
2025-05-28 09:00:00+02:00,7363.0,7452.0,7357.0,7447.0
2025-05-28 13:00:00+02:00,7445.0,7480.0,7417.0,7465.0
2025-05-29 09:00:00+02:00,7431.0,7568.0,7403.0,7547.0
2025-05-29 13:00:00+02:00,7548.0,7578.0,7506.0,7562.0
2025-05-30 09:00:00+02:00,7520.0,7640.0,7503.0,7508.0
2025-05-30 13:00:00+02:00,7507.0,7521.0,7475.0,7511.0
2025-06-02 09:00:00+02:00,7451.0,7491.0,7273.0,7413.0
2025-06-02 13:00:00+02:00,7414.0,7477.0,7390.0,7415.0
2025-06-03 09:00:00+02:00,7423.0,7493.0,7374.0,7475.0
2025-06-03 13:00:00+02:00,7474.0,7476.0,7348.0,7427.0
2025-06-04 09:00:00+02:00,7331.0,7515.0,7331.0,7472.0
2025-06-04 13:00:00+02:00,7469.0,7472.0,7416.0,7452.0
2025-06-05 09:00:00+02:00,7536.0,7543.0,7388.0,7511.0
2025-06-05 13:00:00+02:00,7511.0,7557.0,7506.0,7527.0
2025-06-06 09:00:00+02:00,7519.0,7677.0,7499.0,7596.0
2025-06-06 13:00:00+02:00,7597.0,7636.0,7573.0,7616.0
2025-06-09 09:00:00+02:00,7600.0,7705.0,7580.0,7595.0
2025-06-09 13:00:00+02:00,7597.0,7615.0,7536.0,7570.0
2025-06-10 09:00:00+02:00,7509.0,7699.0,7509.0,7633.0
2025-06-10 13:00:00+02:00,7643.0,7688.0,7625.0,7638.0
2025-06-11 09:00:00+02:00,7640.0,7698.0,7507.0,7536.0
2025-06-11 13:00:00+02:00,7536.0,7549.0,7492.0,7500.0
2025-06-12 09:00:00+02:00,7490.0,7490.0,7417.0,7427.0
2025-06-12 13:00:00+02:00,7429.0,7534.0,7412.0,7506.0
2025-06-13 09:00:00+02:00,7375.0,7442.0,7277.0,7358.0
2025-06-13 13:00:00+02:00,7358.0,7363.0,7270.0,7275.0
2025-06-17 09:00:00+02:00,7204.0,7438.0,7204.0,7231.0
2025-06-17 13:00:00+02:00,7231.0,7249.0,7156.0,7162.0
2025-06-18 09:00:00+02:00,7220.0,7220.0,7124.0,7127.0
2025-06-18 13:00:00+02:00,7131.0,7261.0,7118.0,7228.0
2025-06-19 09:00:00+02:00,7230.0,7268.0,7131.0,7239.0
2025-06-19 13:00:00+02:00,7239.0,7259.0,7199.0,7239.0
2025-06-20 09:00:00+02:00,7261.0,7382.0,7261.0,7269.0
2025-06-20 13:00:00+02:00,7267.0,7348.0,7267.0,7280.0
2025-06-23 09:00:00+02:00,7230.0,7291.0,7142.0,7146.0
2025-06-23 13:00:00+02:00,7145.0,7182.0,7092.0,7142.0
2025-06-24 09:00:00+02:00,7230.0,7462.0,7230.0,7346.0
2025-06-24 13:00:00+02:00,7346.0,7433.0,7324.0,7418.0
2025-06-25 09:00:00+02:00,7436.0,7440.0,7234.0,7256.0
2025-06-25 13:00:00+02:00,7257.0,7527.0,7168.0,7494.0
2025-06-26 09:00:00+02:00,7532.0,7737.0,7425.0,7542.0
2025-06-26 13:00:00+02:00,7549.0,7603.0,7480.0,7483.0
2025-06-27 09:00:00+02:00,7538.0,7581.0,7485.0,7509.0
2025-06-27 13:00:00+02:00,7510.0,7575.0,7484.0,7564.0
2025-06-30 09:00:00+02:00,7579.0,7673.0,7502.0,7655.0
2025-06-30 13:00:00+02:00,7655.0,7670.0,7560.0,7575.0
2025-07-01 09:00:00+02:00,7601.0,7666.0,7537.0,7597.0
2025-07-01 13:00:00+02:00,7599.0,7638.0,7559.0,7593.0
2025-07-02 09:00:00+02:00,7593.0,7625.0,7404.0,7499.0
2025-07-02 13:00:00+02:00,7501.0,7526.0,7424.0,7480.0
2025-07-03 09:00:00+02:00,7476.0,7579.0,7441.0,7552.0
2025-07-03 13:00:00+02:00,7550.0,7598.0,7529.0,7573.0
2025-07-04 09:00:00+02:00,7539.0,7588.0,7450.0,7507.0
2025-07-04 13:00:00+02:00,7507.0,7509.0,7455.0,7483.0
2025-07-07 09:00:00+02:00,7450.0,7485.0,7374.0,7485.0
2025-07-07 13:00:00+02:00,7482.0,7496.0,7382.0,7399.0
2025-07-08 09:00:00+02:00,7400.0,7479.0,7365.0,7429.0
2025-07-08 13:00:00+02:00,7430.0,7521.0,7411.0,7500.0
2025-07-09 09:00:00+02:00,7504.0,7655.0,7504.0,7567.0
2025-07-09 13:00:00+02:00,7568.0,7576.0,7529.0,7564.0
2025-07-10 09:00:00+02:00,7570.0,7628.0,7533.0,7570.0
2025-07-10 13:00:00+02:00,7567.0,7578.0,7494.0,7518.0
2025-07-11 09:00:00+02:00,7505.0,7522.0,7309.0,7310.0
2025-07-11 13:00:00+02:00,7308.0,7335.0,7266.0,7294.0
2025-07-14 09:00:00+02:00,7251.0,7267.0,7180.0,7225.0
2025-07-14 13:00:00+02:00,7224.0,7242.0,7182.0,7209.0
2025-07-15 09:00:00+02:00,7269.0,7292.0,7224.0,7275.0
2025-07-15 13:00:00+02:00,7278.0,7322.0,7260.0,7320.0
2025-07-16 09:00:00+02:00,7328.0,7380.0,7242.0,7379.0
2025-07-16 13:00:00+02:00,7377.0,7463.0,7377.0,7453.0
2025-07-17 09:00:00+02:00,7443.0,7457.0,7389.0,7424.0
2025-07-17 13:00:00+02:00,7423.0,7490.0,7422.0,7470.0
2025-07-18 09:00:00+02:00,7501.0,7591.0,7425.0,7577.0
2025-07-18 13:00:00+02:00,7577.0,7696.0,7562.0,7675.0
2025-07-21 09:00:00+02:00,7660.0,7759.0,7627.0,7637.0
2025-07-21 13:00:00+02:00,7636.0,7639.0,7542.0,7606.0
2025-07-22 09:00:00+02:00,7645.0,7645.0,7509.0,7573.0
2025-07-22 13:00:00+02:00,7573.0,7586.0,7539.0,7541.0
2025-07-23 09:00:00+02:00,7550.0,7573.0,7475.0,7494.0
2025-07-23 13:00:00+02:00,7495.0,7496.0,7416.0,7425.0
2025-07-24 09:00:00+02:00,7454.0,7530.0,7438.0,7485.0
2025-07-24 13:00:00+02:00,7482.0,7514.0,7456.0,7487.0
2025-07-25 09:00:00+02:00,7515.0,7670.0,7414.0,7555.0
2025-07-25 13:00:00+02:00,7555.0,7592.0,7491.0,7502.0
2025-07-28 09:00:00+02:00,7529.0,7581.0,7478.0,7554.0
2025-07-28 13:00:00+02:00,7560.0,7581.0,7519.0,7556.0
2025-07-29 09:00:00+02:00,7527.0,7605.0,7517.0,7551.0
2025-07-29 13:00:00+02:00,7551.0,7583.0,7506.0,7540.0
2025-07-30 09:00:00+02:00,7500.0,7588.0,7482.0,7568.0
2025-07-30 13:00:00+02:00,7568.0,7676.0,7563.0,7640.0
2025-07-31 09:00:00+02:00,7704.0,7825.0,7655.0,7817.0
2025-07-31 13:00:00+02:00,7817.0,7823.0,7741.0,7754.0
2025-08-01 09:00:00+02:00,7683.0,7724.0,7570.0,7598.0
2025-08-01 13:00:00+02:00,7596.0,7671.0,7567.0,7582.0
2025-08-04 09:00:00+02:00,7970.0,8102.0,7782.0,7852.0
2025-08-04 13:00:00+02:00,7851.0,7856.0,7617.0,7733.0
2025-08-05 09:00:00+02:00,7780.0,7823.0,7638.0,7725.0
2025-08-05 13:00:00+02:00,7725.0,7744.0,7577.0,7614.0
2025-08-06 09:00:00+02:00,7567.0,7711.0,7567.0,7687.0
2025-08-06 13:00:00+02:00,7686.0,7698.0,7636.0,7653.0
2025-08-07 09:00:00+02:00,7575.0,7667.0,7575.0,7612.0
2025-08-07 13:00:00+02:00,7611.0,7670.0,7595.0,7660.0
2025-08-08 09:00:00+02:00,7700.0,7700.0,7588.0,7646.0
2025-08-08 13:00:00+02:00,7646.0,7692.0,7594.0,7600.0
2025-08-11 09:00:00+02:00,7569.0,7740.0,7569.0,7700.0
2025-08-11 13:00:00+02:00,7695.0,7699.0,7589.0,7627.0
2025-08-12 09:00:00+02:00,7635.0,7700.0,7635.0,7670.0
2025-08-12 13:00:00+02:00,7669.0,7700.0,7653.0,7694.0
2025-08-13 09:00:00+02:00,7679.0,7800.0,7679.0,7730.0
2025-08-13 13:00:00+02:00,7732.0,7773.0,7701.0,7768.0
2025-08-14 09:00:00+02:00,7727.0,7890.0,7710.0,7808.0
2025-08-14 13:00:00+02:00,7810.0,7827.0,7742.0,7827.0
2025-08-15 09:00:00+02:00,7800.0,7886.0,7790.0,7823.0
2025-08-15 13:00:00+02:00,7824.0,7852.0,7809.0,7824.0
2025-08-18 09:00:00+02:00,7770.0,7828.0,7720.0,7738.0
2025-08-18 13:00:00+02:00,7737.0,7791.0,7722.0,7737.0
2025-08-19 09:00:00+02:00,7683.0,7774.0,7674.0,7754.0
2025-08-19 13:00:00+02:00,7756.0,7787.0,7743.0,7769.0
2025-08-20 09:00:00+02:00,7744.0,7785.0,7706.0,7748.0
2025-08-20 13:00:00+02:00,7748.0,7751.0,7640.0,7678.0
2025-08-21 09:00:00+02:00,7650.0,7739.0,7638.0,7719.0
2025-08-21 13:00:00+02:00,7719.0,7729.0,7660.0,7680.0
2025-08-22 09:00:00+02:00,7685.0,7782.0,7685.0,7756.0
2025-08-22 13:00:00+02:00,7756.0,7807.0,7723.0,7800.0
2025-08-25 09:00:00+02:00,7810.0,7840.0,7726.0,7726.0
2025-08-25 13:00:00+02:00,7725.0,7731.0,7688.0,7704.0
2025-08-26 09:00:00+02:00,7650.0,7717.0,7511.0,7538.0
2025-08-26 13:00:00+02:00,7538.0,7559.0,7485.0,7501.0
2025-08-27 09:00:00+02:00,7482.0,7512.0,7433.0,7487.0
2025-08-27 13:00:00+02:00,7487.0,7541.0,7478.0,7535.0
2025-08-28 09:00:00+02:00,7500.0,7640.0,7500.0,7612.0
2025-08-28 13:00:00+02:00,7615.0,7645.0,7528.0,7631.0
2025-08-29 09:00:00+02:00,7565.0,7660.0,7514.0,7530.0
2025-08-29 13:00:00+02:00,7532.0,7550.0,7462.0,7472.0
2025-09-01 09:00:00+02:00,7473.0,7560.0,7443.0,7485.0
2025-09-01 13:00:00+02:00,7485.0,7492.0,7419.0,7436.0
2025-09-02 09:00:00+02:00,7479.0,7479.0,7345.0,7386.0
2025-09-02 13:00:00+02:00,7386.0,7408.0,7330.0,7370.0
2025-09-03 09:00:00+02:00,7440.0,7445.0,7225.0,7251.0
2025-09-03 13:00:00+02:00,7251.0,7277.0,7200.0,7234.0
2025-09-04 09:00:00+02:00,7250.0,7344.0,7214.0,7230.0
2025-09-04 13:00:00+02:00,7230.0,7246.0,7194.0,7220.0
2025-09-05 09:00:00+02:00,7273.0,7348.0,7235.0,7344.0
2025-09-05 13:00:00+02:00,7343.0,7404.0,7312.0,7351.0
2025-09-08 09:00:00+02:00,7422.0,7422.0,7325.0,7386.0
2025-09-08 13:00:00+02:00,7386.0,7433.0,7377.0,7412.0
2025-09-09 09:00:00+02:00,7413.0,7464.0,7403.0,7439.0
2025-09-09 13:00:00+02:00,7438.0,7457.0,7398.0,7420.0
2025-09-10 09:00:00+02:00,7400.0,7474.0,7400.0,7415.0
2025-09-10 13:00:00+02:00,7415.0,7454.0,7399.0,7430.0
2025-09-11 09:00:00+02:00,7530.0,7974.0,7526.0,7887.0
2025-09-11 13:00:00+02:00,7887.0,7978.0,7857.0,7885.0
2025-09-12 09:00:00+02:00,7915.0,8103.0,7830.0,8075.0
2025-09-12 13:00:00+02:00,8075.0,8145.0,8057.0,8094.0
2025-09-15 09:00:00+02:00,8091.0,8135.0,7992.0,8009.0
2025-09-15 13:00:00+02:00,8009.0,8054.0,7940.0,7959.0
2025-09-16 09:00:00+02:00,7925.0,8017.0,7851.0,8000.0
2025-09-16 13:00:00+02:00,8000.0,8035.0,7950.0,8019.0
2025-09-17 09:00:00+02:00,8026.0,8026.0,7924.0,7963.0
2025-09-17 13:00:00+02:00,7963.0,8011.0,7958.0,8006.0
2025-09-18 09:00:00+02:00,7960.0,8160.0,7960.0,8148.0
2025-09-18 13:00:00+02:00,8148.0,8172.0,8086.0,8130.0
2025-09-19 09:00:00+02:00,8177.0,8198.0,8069.0,8078.0
2025-09-19 13:00:00+02:00,8078.0,8119.0,7962.0,8089.0
2025-09-22 09:00:00+02:00,8090.0,8095.0,7887.0,8075.0
2025-09-22 13:00:00+02:00,8074.0,8074.0,7956.0,7978.0
2025-09-23 09:00:00+02:00,7933.0,8043.0,7933.0,7950.0
2025-09-23 13:00:00+02:00,7950.0,8031.0,7942.0,8006.0
2025-09-25 09:00:00+02:00,8013.0,8050.0,7847.0,7900.0
2025-09-25 13:00:00+02:00,7900.0,7925.0,7852.0,7896.0
2025-09-26 09:00:00+02:00,7866.0,7928.0,7762.0,7850.0
2025-09-26 13:00:00+02:00,7850.0,7874.0,7810.0,7844.0
2025-09-29 09:00:00+02:00,7810.0,7832.0,7728.0,7821.0
2025-09-29 13:00:00+02:00,7821.0,7821.0,7764.0,7789.0
2025-09-30 09:00:00+02:00,7755.0,7795.0,7696.0,7764.0
2025-09-30 13:00:00+02:00,7764.0,7804.0,7746.0,7790.0
2025-10-01 09:00:00+02:00,7766.0,7834.0,7716.0,7734.0
2025-10-01 13:00:00+02:00,7734.0,7837.0,7733.0,7760.0
2025-10-02 09:00:00+02:00,7781.0,7874.0,7769.0,7821.0
2025-10-02 13:00:00+02:00,7822.0,7868.0,7787.0,7830.0
2025-10-03 09:00:00+02:00,7810.0,7929.0,7798.0,7929.0
2025-10-03 13:00:00+02:00,7930.0,7964.0,7882.0,7938.0
2025-10-06 09:00:00+02:00,7978.0,8068.0,7905.0,8039.0
2025-10-06 13:00:00+02:00,8040.0,8179.0,8037.0,8119.0
2025-10-07 09:00:00+02:00,8130.0,8149.0,8003.0,8068.0
2025-10-07 13:00:00+02:00,8066.0,8114.0,8027.0,8102.0
2025-10-08 09:00:00+02:00,7925.0,8011.0,7794.0,7827.0
2025-10-08 13:00:00+02:00,7827.0,7892.0,7709.0,7839.0
2025-10-09 09:00:00+02:00,7760.0,8015.0,7717.0,7964.0
2025-10-09 13:00:00+02:00,7982.0,8100.0,7944.0,8092.0
2025-10-10 09:00:00+02:00,8033.0,8200.0,8013.0,8100.0
2025-10-10 13:00:00+02:00,8100.0,8176.0,8091.0,8159.0
2025-10-13 09:00:00+02:00,8150.0,8150.0,7992.0,8050.0
2025-10-13 13:00:00+02:00,8050.0,8099.0,8039.0,8097.0
2025-10-14 09:00:00+02:00,8020.0,8110.0,8002.0,8041.0
2025-10-14 13:00:00+02:00,8038.0,8064.0,7980.0,8017.0
2025-10-15 09:00:00+02:00,8063.0,8100.0,8009.0,8030.0
2025-10-15 13:00:00+02:00,8030.0,8037.0,7977.0,7980.0
2025-10-16 09:00:00+02:00,7982.0,8071.0,7955.0,7997.0
2025-10-16 13:00:00+02:00,7997.0,8013.0,7940.0,7976.0
2025-10-17 09:00:00+02:00,7900.0,7960.0,7855.0,7928.0
2025-10-17 13:00:00+02:00,7929.0,8059.0,7906.0,8007.0
2025-10-20 09:00:00+02:00,8005.0,8153.0,7995.0,8114.0
2025-10-20 13:00:00+02:00,8114.0,8185.0,8098.0,8165.0
2025-10-21 09:00:00+02:00,8115.0,8276.0,8115.0,8211.0
2025-10-21 13:00:00+02:00,8210.0,8244.0,8171.0,8200.0
2025-10-22 09:00:00+02:00,8150.0,8350.0,8150.0,8336.0
2025-10-22 13:00:00+02:00,8336.0,8371.0,8291.0,8342.0
2025-10-23 09:00:00+02:00,8295.0,8322.0,8175.0,8249.0
2025-10-23 13:00:00+02:00,8249.0,8317.0,8240.0,8310.0
2025-10-24 09:00:00+02:00,8290.0,8381.0,8221.0,8250.0
2025-10-24 13:00:00+02:00,8250.0,8349.0,8200.0,8303.0
2025-10-27 09:00:00+02:00,8305.0,8364.0,8212.0,8242.0
2025-10-27 13:00:00+02:00,8237.0,8239.0,8117.0,8184.0
2025-10-28 09:00:00+02:00,8164.0,8350.0,8127.0,8344.0
2025-10-28 13:00:00+02:00,8340.0,8400.0,8281.0,8324.0
2025-10-29 09:00:00+02:00,8399.0,8474.0,8267.0,8469.0
2025-10-29 13:00:00+02:00,8470.0,8472.0,8350.0,8357.0
2025-10-30 09:00:00+02:00,8440.0,8440.0,8201.0,8209.0
2025-10-30 13:00:00+02:00,8207.0,8247.0,8195.0,8232.0
2025-10-31 09:00:00+02:00,8231.0,8275.0,8101.0,8232.0
2025-10-31 13:00:00+02:00,8226.0,8248.0,8203.0,8240.0
2025-11-03 09:00:00+02:00,8230.0,8303.0,8223.0,8243.0
2025-11-03 13:00:00+02:00,8244.0,8252.0,8215.0,8233.0
2025-11-04 09:00:00+02:00,8200.0,8235.0,8034.0,8075.0
2025-11-04 13:00:00+02:00,8075.0,8165.0,8074.0,8150.0
2025-11-05 09:00:00+02:00,8135.0,8202.0,8050.0,8138.0
2025-11-05 13:00:00+02:00,8138.0,8234.0,8115.0,8212.0
2025-11-06 09:00:00+02:00,8250.0,8250.0,8124.0,8161.0
2025-11-06 13:00:00+02:00,8160.0,8183.0,7915.0,8066.0
2025-11-07 09:00:00+02:00,8043.0,8103.0,7833.0,7869.0
2025-11-07 13:00:00+02:00,7865.0,8043.0,7834.0,8000.0
2025-11-10 09:00:00+02:00,8055.0,8121.0,8027.0,8107.0
2025-11-10 13:00:00+02:00,8107.0,8143.0,8048.0,8124.0
2025-11-11 09:00:00+02:00,8076.0,8174.0,8076.0,8124.0
2025-11-11 13:00:00+02:00,8124.0,8129.0,8041.0,8044.0
2025-11-12 09:00:00+02:00,8020.0,8074.0,7969.0,8040.0
2025-11-12 13:00:00+02:00,8040.0,8198.0,8040.0,8138.0
2025-11-13 09:00:00+02:00,8200.0,8549.0,8148.0,8477.0
2025-11-13 13:00:00+02:00,8475.0,8483.0,8349.0,8398.0
2025-11-14 09:00:00+02:00,8315.0,8464.0,8315.0,8322.0
2025-11-14 13:00:00+02:00,8322.0,8391.0,8291.0,8351.0
2025-11-17 09:00:00+02:00,8393.0,8495.0,8387.0,8448.0
2025-11-17 13:00:00+02:00,8445.0,8488.0,8426.0,8440.0
2025-11-18 09:00:00+02:00,8400.0,8436.0,8297.0,8343.0
2025-11-18 13:00:00+02:00,8343.0,8347.0,8240.0,8254.0
2025-11-19 09:00:00+02:00,8211.0,8283.0,8210.0,8264.0
2025-11-19 13:00:00+02:00,8264.0,8270.0,8197.0,8226.0
2025-11-20 09:00:00+02:00,8250.0,8429.0,8250.0,8288.0
2025-11-20 13:00:00+02:00,8287.0,8290.0,8200.0,8268.0
2025-11-21 09:00:00+02:00,8158.0,8178.0,8040.0,8091.0
2025-11-21 13:00:00+02:00,8091.0,8159.0,8046.0,8125.0
2025-11-24 09:00:00+02:00,8250.0,8250.0,8068.0,8087.0
2025-11-24 13:00:00+02:00,8090.0,8161.0,8080.0,8137.0
2025-11-25 09:00:00+02:00,8194.0,8200.0,8059.0,8104.0
2025-11-25 13:00:00+02:00,8103.0,8150.0,8093.0,8146.0
2025-11-26 09:00:00+02:00,8193.0,8335.0,8110.0,8335.0
2025-11-26 13:00:00+02:00,8334.0,8349.0,8228.0,8273.0
2025-11-27 09:00:00+02:00,8175.0,8349.0,8173.0,8182.0
2025-11-27 13:00:00+02:00,8177.0,8181.0,8076.0,8094.0
2025-11-28 09:00:00+02:00,8125.0,8166.0,8089.0,8109.0
2025-11-28 13:00:00+02:00,8111.0,8143.0,8089.0,8127.0
2025-12-01 09:00:00+02:00,8122.0,8214.0,8052.0,8111.0
2025-12-01 13:00:00+02:00,8110.0,8165.0,8106.0,8154.0
2025-12-02 09:00:00+02:00,8147.0,8343.0,8147.0,8338.0
2025-12-02 13:00:00+02:00,8340.0,8437.0,8291.0,8350.0
2025-12-03 09:00:00+02:00,8221.0,8515.0,8221.0,8450.0
2025-12-03 13:00:00+02:00,8448.0,8550.0,8437.0,8540.0
2025-12-04 09:00:00+02:00,8537.0,8611.0,8481.0,8525.0
2025-12-04 13:00:00+02:00,8525.0,8622.0,8525.0,8622.0
2025-12-05 09:00:00+02:00,8650.0,8730.0,8590.0,8652.0
2025-12-05 13:00:00+02:00,8650.0,8725.0,8648.0,8700.0
2025-12-08 09:00:00+02:00,8686.0,8688.0,8615.0,8635.0
2025-12-08 13:00:00+02:00,8638.0,8645.0,8536.0,8536.0
2025-12-09 09:00:00+02:00,8560.0,8687.0,8551.0,8637.0
2025-12-09 13:00:00+02:00,8633.0,8646.0,8573.0,8613.0
2025-12-10 09:00:00+02:00,8613.0,8668.0,8599.0,8663.0
2025-12-10 13:00:00+02:00,8665.0,8681.0,8635.0,8666.0
2025-12-11 09:00:00+02:00,8695.0,8855.0,8680.0,8771.0
2025-12-11 13:00:00+02:00,8772.0,8800.0,8661.0,8724.0
2025-12-12 09:00:00+02:00,8639.0,8781.0,8639.0,8728.0
2025-12-12 13:00:00+02:00,8725.0,8748.0,8609.0,8609.0
2025-12-15 09:00:00+02:00,8571.0,8755.0,8571.0,8740.0
2025-12-15 13:00:00+02:00,8744.0,8777.0,8724.0,8741.0
2025-12-17 09:00:00+02:00,8792.0,8934.0,8671.0,8905.0
2025-12-17 13:00:00+02:00,8907.0,8950.0,8886.0,8935.0
2025-12-18 09:00:00+02:00,8928.0,9094.0,8896.0,8978.0
2025-12-18 13:00:00+02:00,8976.0,8999.0,8915.0,8967.0
2025-12-19 09:00:00+02:00,8860.0,8987.0,8860.0,8939.0
2025-12-19 13:00:00+02:00,8937.0,8973.0,8818.0,8966.0
2025-12-22 09:00:00+02:00,8940.0,8951.0,8758.0,8796.0
2025-12-22 13:00:00+02:00,8796.0,8846.0,8795.0,8819.0
2025-12-23 09:00:00+02:00,8751.0,8925.0,8751.0,8915.0
2025-12-23 13:00:00+02:00,8914.0,8988.0,8914.0,8988.0
2025-12-24 09:00:00+02:00,9000.0,9077.0,8921.0,9063.0
2025-12-29 09:00:00+02:00,9015.0,9162.0,9015.0,9052.0
2025-12-29 13:00:00+02:00,9052.0,9068.0,9000.0,9068.0
2025-12-30 09:00:00+02:00,9100.0,9118.0,9044.0,9107.0
2025-12-30 13:00:00+02:00,9107.0,9142.0,9051.0,9091.0
2025-12-31 09:00:00+02:00,9100.0,9100.0,9016.0,9075.0
2026-01-02 09:00:00+02:00,9011.0,9098.0,8936.0,8982.0
2026-01-02 13:00:00+02:00,8989.0,9095.0,8926.0,9086.0
2026-01-05 09:00:00+02:00,9025.0,9092.0,8918.0,8948.0
2026-01-05 13:00:00+02:00,8949.0,9015.0,8949.0,9000.0
2026-01-06 09:00:00+02:00,8955.0,9198.0,8955.0,9128.0
2026-01-06 13:00:00+02:00,9128.0,9264.0,9111.0,9197.0
2026-01-07 09:00:00+02:00,9230.0,9255.0,9135.0,9232.0
2026-01-07 13:00:00+02:00,9232.0,9277.0,9181.0,9181.0
2026-01-08 09:00:00+02:00,9158.0,9188.0,9110.0,9186.0
2026-01-08 13:00:00+02:00,9185.0,9260.0,9166.0,9212.0
2026-01-09 09:00:00+02:00,9160.0,9264.0,9141.0,9160.0
2026-01-09 13:00:00+02:00,9158.0,9186.0,9114.0,9147.0
2026-01-12 09:00:00+02:00,9074.0,9119.0,8885.0,8959.0
2026-01-12 13:00:00+02:00,8961.0,9060.0,8953.0,9042.0
2026-01-13 09:00:00+02:00,9071.0,9116.0,9000.0,9056.0
2026-01-13 13:00:00+02:00,9054.0,9061.0,9008.0,9024.0
2026-01-14 09:00:00+02:00,9004.0,9095.0,8950.0,8956.0
2026-01-14 13:00:00+02:00,8952.0,9010.0,8911.0,9009.0
2026-01-15 09:00:00+02:00,8931.0,9100.0,8931.0,9078.0
2026-01-15 13:00:00+02:00,9074.0,9122.0,9032.0,9110.0
2026-01-16 09:00:00+02:00,9150.0,9198.0,9114.0,9159.0
2026-01-16 13:00:00+02:00,9163.0,9182.0,9059.0,9093.0
2026-01-19 09:00:00+02:00,8976.0,9115.0,8976.0,9054.0
2026-01-19 13:00:00+02:00,9054.0,9094.0,9018.0,9085.0
2026-01-20 09:00:00+02:00,9099.0,9099.0,8977.0,8990.0
2026-01-20 13:00:00+02:00,8990.0,9047.0,8983.0,9010.0
2026-01-21 09:00:00+02:00,9034.0,9074.0,8935.0,8963.0
2026-01-21 13:00:00+02:00,8963.0,9067.0,8940.0,9040.0
2026-01-22 09:00:00+02:00,9050.0,9285.0,9050.0,9232.0
2026-01-22 13:00:00+02:00,9231.0,9348.0,9163.0,9296.0
2026-01-23 09:00:00+02:00,9390.0,9390.0,9098.0,9106.0
2026-01-23 13:00:00+02:00,9104.0,9158.0,9081.0,9105.0
2026-01-26 09:00:00+02:00,9110.0,9182.0,9040.0,9064.0
2026-01-26 13:00:00+02:00,9063.0,9121.0,9011.0,9110.0
2026-01-27 09:00:00+02:00,9191.0,9267.0,9150.0,9239.0
2026-01-27 13:00:00+02:00,9238.0,9290.0,9222.0,9290.0
2026-01-28 09:00:00+02:00,9316.0,9316.0,9146.0,9160.0
2026-01-28 13:00:00+02:00,9160.0,9215.0,9100.0,9169.0
2026-01-29 09:00:00+02:00,9275.0,9424.0,9184.0,9328.0
2026-01-29 13:00:00+02:00,9328.0,9335.0,9254.0,9300.0
2026-01-30 09:00:00+02:00,9250.0,9438.0,9190.0,9255.0
2026-01-30 13:00:00+02:00,9255.0,9389.0,9221.0,9286.0
2026-02-03 09:00:00+02:00,9417.0,9549.0,9362.0,9478.0
2026-02-03 13:00:00+02:00,9476.0,9498.0,9230.0,9403.0
2026-02-04 09:00:00+02:00,9413.0,9421.0,9290.0,9306.0
2026-02-04 13:00:00+02:00,9305.0,9361.0,9272.0,9344.0
2026-02-05 09:00:00+02:00,9399.0,9436.0,9288.0,9381.0
2026-02-05 13:00:00+02:00,9379.0,9399.0,9300.0,9364.0
2026-02-06 09:00:00+02:00,9301.0,9446.0,9301.0,9398.0
2026-02-06 13:00:00+02:00,9400.0,9452.0,9371.0,9439.0
2026-02-09 09:00:00+02:00,9450.0,9540.0,9429.0,9434.0
2026-02-09 13:00:00+02:00,9433.0,9454.0,9305.0,9336.0
2026-02-10 09:00:00+02:00,9420.0,9445.0,9310.0,9399.0
2026-02-10 13:00:00+02:00,9400.0,9521.0,9391.0,9499.0
2026-02-11 09:00:00+02:00,9425.0,9551.0,9371.0,9545.0
2026-02-11 13:00:00+02:00,9545.0,9551.0,9463.0,9520.0
2026-02-12 09:00:00+02:00,9500.0,9550.0,9440.0,9497.0
2026-02-12 13:00:00+02:00,9494.0,9548.0,9473.0,9530.0
2026-02-13 09:00:00+02:00,9519.0,9672.0,9429.0,9568.0
2026-02-13 13:00:00+02:00,9571.0,9590.0,9485.0,9486.0
2026-02-16 09:00:00+02:00,9500.0,9638.0,9464.0,9570.0
2026-02-16 13:00:00+02:00,9571.0,9599.0,9510.0,9572.0
2026-02-17 09:00:00+02:00,9520.0,9596.0,9474.0,9548.0
2026-02-17 13:00:00+02:00,9546.0,9579.0,9492.0,9566.0
2026-02-18 09:00:00+02:00,9535.0,9831.0,9535.0,9809.0
2026-02-18 13:00:00+02:00,9810.0,9867.0,9742.0,9789.0
2026-02-19 09:00:00+02:00,9827.0,9868.0,9706.0,9801.0
2026-02-19 13:00:00+02:00,9796.0,9811.0,9660.0,9689.0
2026-02-20 09:00:00+02:00,9762.0,9847.0,9741.0,9785.0
2026-02-20 13:00:00+02:00,9782.0,9830.0,9762.0,9810.0
2026-02-23 09:00:00+02:00,9785.0,9954.0,9724.0,9747.0
2026-02-23 13:00:00+02:00,9747.0,9794.0,9711.0,9763.0
2026-02-24 09:00:00+02:00,9895.0,9895.0,9632.0,9745.0
2026-02-24 13:00:00+02:00,9744.0,9863.0,9729.0,9841.0
2026-02-25 09:00:00+02:00,9875.0,9920.0,9708.0,9759.0
2026-02-25 13:00:00+02:00,9759.0,9790.0,9714.0,9715.0
2026-02-26 09:00:00+02:00,9700.0,9936.0,9500.0,9881.0
2026-02-26 13:00:00+02:00,9882.0,10002.0,9856.0,9944.0
2026-02-27 09:00:00+02:00,10011.0,10084.0,9902.0,10000.0
2026-02-27 13:00:00+02:00,10000.0,10004.0,9836.0,9838.0
2026-03-02 09:00:00+02:00,9715.0,9782.0,9523.0,9657.0
2026-03-02 13:00:00+02:00,9658.0,9692.0,9540.0,9628.0
2026-03-03 09:00:00+02:00,9608.0,9647.0,9231.0,9295.0
2026-03-03 13:00:00+02:00,9302.0,9350.0,9183.0,9200.0
2026-03-04 09:00:00+02:00,9172.0,9344.0,9110.0,9299.0
2026-03-04 13:00:00+02:00,9299.0,9342.0,9235.0,9327.0
2026-03-05 09:00:00+02:00,9499.0,9526.0,9227.0,9337.0
2026-03-05 13:00:00+02:00,9330.0,9383.0,9206.0,9279.0
2026-03-06 09:00:00+02:00,9274.0,9300.0,8970.0,8990.0
2026-03-06 13:00:00+02:00,8981.0,8985.0,8620.0,8686.0
2026-03-09 09:00:00+02:00,8596.0,8808.0,8506.0,8754.0
2026-03-09 13:00:00+02:00,8759.0,8806.0,8700.0,8794.0
2026-03-10 09:00:00+02:00,8971.0,9165.0,8971.0,9075.0
2026-03-10 13:00:00+02:00,9073.0,9162.0,8963.0,9056.0
2026-03-11 09:00:00+02:00,9079.0,9178.0,8910.0,8951.0
2026-03-11 13:00:00+02:00,8951.0,9014.0,8862.0,8973.0
2026-03-12 09:00:00+02:00,8967.0,8967.0,8771.0,8942.0
2026-03-12 13:00:00+02:00,8932.0,8954.0,8790.0,8802.0
2026-03-13 09:00:00+02:00,8795.0,8814.0,8680.0,8714.0
2026-03-13 13:00:00+02:00,8712.0,8885.0,8712.0,8803.0
2026-03-16 09:00:00+02:00,8765.0,8938.0,8750.0,8828.0
2026-03-16 13:00:00+02:00,8829.0,8942.0,8788.0,8873.0
2026-03-17 09:00:00+02:00,8930.0,9012.0,8825.0,8843.0
2026-03-17 13:00:00+02:00,8842.0,8983.0,8838.0,8962.0
2026-03-18 09:00:00+02:00,8985.0,9185.0,8979.0,9110.0
2026-03-18 13:00:00+02:00,9115.0,9119.0,8772.0,8819.0
2026-03-19 09:00:00+02:00,8850.0,8899.0,8576.0,8703.0
2026-03-19 13:00:00+02:00,8703.0,8781.0,8668.0,8764.0
2026-03-20 09:00:00+02:00,8705.0,8994.0,8703.0,8755.0
2026-03-20 13:00:00+02:00,8756.0,8886.0,8742.0,8763.0
2026-03-23 09:00:00+02:00,8600.0,8673.0,8475.0,8618.0
2026-03-23 13:00:00+02:00,8615.0,9027.0,8615.0,8760.0
2026-03-24 09:00:00+02:00,8748.0,8771.0,8581.0,8664.0
2026-03-24 13:00:00+02:00,8664.0,8706.0,8634.0,8657.0
2026-03-25 09:00:00+02:00,8775.0,8975.0,8708.0,8960.0
2026-03-25 13:00:00+02:00,8960.0,9000.0,8878.0,8944.0
2026-03-26 09:00:00+02:00,8940.0,8962.0,8797.0,8831.0
2026-03-26 13:00:00+02:00,8837.0,8860.0,8771.0,8826.0
2026-03-27 09:00:00+02:00,8880.0,8880.0,8634.0,8660.0
2026-03-27 13:00:00+02:00,8660.0,8789.0,8612.0,8753.0
2026-03-30 09:00:00+02:00,8850.0,8850.0,8567.0,8584.0
2026-03-30 13:00:00+02:00,8585.0,8679.0,8558.0,8662.0
2026-03-31 09:00:00+02:00,8449.0,8700.0,8396.0,8589.0
2026-03-31 13:00:00+02:00,8581.0,8612.0,8479.0,8561.0
2026-04-01 09:00:00+02:00,8800.0,8956.0,8616.0,8692.0
2026-04-01 13:00:00+02:00,8690.0,8744.0,8646.0,8730.0
2026-04-02 09:00:00+02:00,8588.0,8602.0,8461.0,8586.0
2026-04-02 13:00:00+02:00,8586.0,8700.0,8562.0,8666.0
2026-04-07 09:00:00+02:00,8763.0,8861.0,8579.0,8788.0
2026-04-07 13:00:00+02:00,8788.0,8804.0,8602.0,8699.0
2026-04-08 09:00:00+02:00,8939.0,9289.0,8935.0,9210.0
2026-04-08 13:00:00+02:00,9208.0,9350.0,9148.0,9168.0
2026-04-09 09:00:00+02:00,9089.0,9089.0,8839.0,8916.0
2026-04-09 13:00:00+02:00,8916.0,8964.0,8785.0,8798.0
2026-04-10 09:00:00+02:00,8830.0,8903.0,8766.0,8890.0
2026-04-10 13:00:00+02:00,8895.0,8938.0,8822.0,8839.0
2026-04-13 09:00:00+02:00,8730.0,8776.0,8673.0,8766.0
2026-04-13 13:00:00+02:00,8762.0,8813.0,8724.0,8785.0
2026-04-14 09:00:00+02:00,8806.0,8961.0,8806.0,8900.0
2026-04-14 13:00:00+02:00,8900.0,9000.0,8866.0,8978.0
2026-04-15 09:00:00+02:00,8990.0,9069.0,8975.0,9013.0
2026-04-15 13:00:00+02:00,9010.0,9058.0,8979.0,9032.0
2026-04-16 09:00:00+02:00,9075.0,9075.0,8953.0,8974.0
2026-04-16 13:00:00+02:00,8974.0,9001.0,8925.0,8979.0
2026-04-17 09:00:00+02:00,8901.0,9086.0,8901.0,9066.0
2026-04-17 13:00:00+02:00,9067.0,9216.0,9014.0,9159.0
2026-04-20 09:00:00+02:00,9178.0,9178.0,8994.0,9002.0
2026-04-20 13:00:00+02:00,8999.0,9178.0,8978.0,8998.0
2026-04-21 09:00:00+02:00,8970.0,8999.0,8883.0,8910.0
2026-04-21 13:00:00+02:00,8908.0,8966.0,8883.0,8888.0
2026-04-22 09:00:00+02:00,8884.0,8983.0,8846.0,8898.0
2026-04-22 13:00:00+02:00,8898.0,8900.0,8824.0,8845.0
2026-04-23 09:00:00+02:00,8800.0,8867.0,8753.0,8857.0
2026-04-23 13:00:00+02:00,8857.0,8909.0,8800.0,8893.0
2026-04-24 09:00:00+02:00,8850.0,8928.0,8768.0,8858.0
2026-04-24 13:00:00+02:00,8861.0,8915.0,8802.0,8806.0
2026-04-28 09:00:00+02:00,8860.0,8950.0,8765.0,8862.0
2026-04-28 13:00:00+02:00,8859.0,8870.0,8794.0,8814.0
2026-04-29 09:00:00+02:00,8804.0,8869.0,8786.0,8850.0
2026-04-29 13:00:00+02:00,8847.0,8887.0,8788.0,8810.0
2026-04-30 09:00:00+02:00,8750.0,8900.0,8701.0,8832.0
2026-04-30 13:00:00+02:00,8833.0,8884.0,8810.0,8855.0
2026-05-04 09:00:00+02:00,8815.0,8887.0,8715.0,8740.0
2026-05-04 13:00:00+02:00,8740.0,8764.0,8692.0,8744.0
2026-05-05 09:00:00+02:00,8729.0,8831.0,8678.0,8779.0
2026-05-05 13:00:00+02:00,8783.0,8876.0,8770.0,8782.0
2026-05-06 09:00:00+02:00,8835.0,9200.0,8835.0,9199.0
2026-05-06 13:00:00+02:00,9197.0,9262.0,9015.0,9071.0
2026-05-07 09:00:00+02:00,9159.0,9242.0,9110.0,9165.0
2026-05-07 13:00:00+02:00,9166.0,9276.0,9091.0,9176.0
2026-05-08 09:00:00+02:00,9176.0,9187.0,9005.0,9057.0
2026-05-08 13:00:00+02:00,9059.0,9073.0,8986.0,8998.0
2026-05-11 09:00:00+02:00,8947.0,8996.0,8885.0,8923.0
2026-05-11 13:00:00+02:00,8925.0,8954.0,8860.0,8879.0
2026-05-12 09:00:00+02:00,8850.0,8850.0,8725.0,8773.0
2026-05-12 13:00:00+02:00,8775.0,8830.0,8763.0,8827.0
2026-05-13 09:00:00+02:00,8861.0,9112.0,8770.0,8800.0
2026-05-13 13:00:00+02:00,8800.0,8822.0,8755.0,8811.0
2026-05-14 09:00:00+02:00,8834.0,8970.0,8820.0,8938.0
2026-05-14 13:00:00+02:00,8941.0,8972.0,8912.0,8958.0
2026-05-15 09:00:00+02:00,8832.0,8935.0,8829.0,8870.0
2026-05-15 13:00:00+02:00,8869.0,8872.0,8764.0,8799.0
2026-05-18 09:00:00+02:00,8799.0,8799.0,8720.0,8737.0
2026-05-18 13:00:00+02:00,8740.0,8910.0,8737.0,8850.0
2026-05-19 09:00:00+02:00,8856.0,8889.0,8780.0,8797.0
2026-05-19 13:00:00+02:00,8795.0,8826.0,8730.0,8798.0
2026-05-20 09:00:00+02:00,8840.0,8928.0,8765.0,8905.0
2026-05-20 13:00:00+02:00,8904.0,8986.0,8849.0,8963.0
2026-05-21 09:00:00+02:00,8963.0,9082.0,8905.0,8966.0
2026-05-21 13:00:00+02:00,8970.0,9009.0,8956.0,8972.0
2026-05-22 09:00:00+02:00,9125.0,9125.0,8925.0,8980.0
2026-05-22 13:00:00+02:00,8979.0,8980.0,8900.0,8945.0
2026-05-25 09:00:00+02:00,9025.0,9369.0,9025.0,9315.0
2026-05-25 13:00:00+02:00,9320.0,9380.0,9178.0,9207.0
2026-05-26 09:00:00+02:00,9110.0,9274.0,9110.0,9255.0
2026-05-26 13:00:00+02:00,9250.0,9385.0,9224.0,9356.0
2026-05-27 09:00:00+02:00,9333.0,9442.0,9313.0,9378.0
2026-05-27 13:00:00+02:00,9378.0,9474.0,9352.0,9441.0
2026-05-28 09:00:00+02:00,9370.0,9370.0,9207.0,9214.0
2026-05-28 13:00:00+02:00,9215.0,9278.0,9179.0,9243.0
2026-05-29 09:00:00+02:00,9320.0,9324.0,9242.0,9283.0
2026-05-29 13:00:00+02:00,9283.0,9351.0,9273.0,9294.0
2026-06-01 09:00:00+02:00,9250.0,9289.0,9180.0,9203.0
2026-06-01 13:00:00+02:00,9201.0,9243.0,9083.0,9094.0
2026-06-02 09:00:00+02:00,9137.0,9193.0,9055.0,9098.0
2026-06-02 13:00:00+02:00,9100.0,9130.0,9030.0,9099.0
2026-06-03 09:00:00+02:00,9085.0,9140.0,9002.0,9093.0
2026-06-03 13:00:00+02:00,9093.0,9134.0,9003.0,9014.0
2026-06-04 09:00:00+02:00,9002.0,9159.0,8991.0,9075.0
2026-06-04 13:00:00+02:00,9077.0,9138.0,9076.0,9117.0
2026-06-05 09:00:00+02:00,9070.0,9244.0,9052.0,9229.0
2026-06-05 13:00:00+02:00,9229.0,9229.0,9095.0,9110.0
2026-06-08 09:00:00+02:00,9100.0,9165.0,9041.0,9150.0
2026-06-08 13:00:00+02:00,9147.0,9201.0,9080.0,9109.0
2026-06-09 09:00:00+02:00,9135.0,9327.0,9112.0,9307.0
2026-06-09 13:00:00+02:00,9307.0,9317.0,9151.0,9153.0
2026-06-10 09:00:00+02:00,9138.0,9224.0,9115.0,9202.0
2026-06-10 13:00:00+02:00,9200.0,9200.0,9128.0,9128.0
2026-06-11 09:00:00+02:00,9107.0,9285.0,9106.0,9252.0
2026-06-11 13:00:00+02:00,9252.0,9263.0,9161.0,9167.0
2026-06-12 09:00:00+02:00,9290.0,9530.0,9275.0,9415.0
2026-06-12 13:00:00+02:00,9421.0,9472.0,9346.0,9387.0
2026-06-15 09:00:00+02:00,9540.0,9679.0,9511.0,9535.0
2026-06-15 13:00:00+02:00,9530.0,9633.0,9529.0,9552.0
2026-06-17 09:00:00+02:00,9452.0,9619.0,9452.0,9619.0
2026-06-17 13:00:00+02:00,9619.0,9785.0,9619.0,9743.0
2026-06-18 09:00:00+02:00,9700.0,9840.0,9700.0,9726.0
2026-06-18 13:00:00+02:00,9726.0,9850.0,9701.0,9810.0
2026-06-19 09:00:00+02:00,9748.0,9936.0,9746.0,9890.0
2026-06-19 13:00:00+02:00,9890.0,9940.0,9847.0,9905.0
2026-06-22 09:00:00+02:00,9880.0,9939.0,9735.0,9789.0
2026-06-22 13:00:00+02:00,9790.0,9924.0,9780.0,9881.0
2026-06-23 09:00:00+02:00,9781.0,9927.0,9714.0,9893.0
2026-06-23 13:00:00+02:00,9896.0,9953.0,9792.0,9905.0
2026-06-24 09:00:00+02:00,9925.0,9925.0,9786.0,9822.0
2026-06-24 13:00:00+02:00,9824.0,9835.0,9687.0,9703.0
2026-06-25 09:00:00+02:00,9610.0,9759.0,9610.0,9745.0
2026-06-25 13:00:00+02:00,9747.0,9822.0,9717.0,9756.0
2026-06-26 09:00:00+02:00,9733.0,9749.0,9624.0,9671.0
2026-06-26 13:00:00+02:00,9671.0,9684.0,9550.0,9567.0
2026-06-29 09:00:00+02:00,9650.0,9718.0,9606.0,9664.0
2026-06-29 13:00:00+02:00,9663.0,9666.0,9617.0,9639.0
2026-06-30 09:00:00+02:00,9644.0,9679.0,9549.0,9664.0
2026-06-30 13:00:00+02:00,9664.0,9729.0,9636.0,9687.0
2026-07-01 09:00:00+02:00,9715.0,9715.0,9542.0,9560.0
2026-07-01 13:00:00+02:00,9560.0,9575.0,9486.0,9502.0
2026-07-02 09:00:00+02:00,9488.0,9660.0,9460.0,9655.0
2026-07-02 13:00:00+02:00,9652.0,9750.0,9633.0,9638.0
2026-07-03 09:00:00+02:00,9700.0,9770.0,9580.0,9594.0
2026-07-03 13:00:00+02:00,9592.0,9686.0,9591.0,9656.0
2026-07-06 09:00:00+02:00,9585.0,9758.0,9585.0,9703.0
2026-07-06 13:00:00+02:00,9705.0,9799.0,9654.0,9781.0
2026-07-07 09:00:00+02:00,9800.0,9805.0,9711.0,9764.0
2026-07-07 13:00:00+02:00,9763.0,9807.0,9717.0,9719.0
2026-07-08 09:00:00+02:00,9702.0,9702.0,9361.0,9424.0
2026-07-08 13:00:00+02:00,9422.0,9566.0,9402.0,9527.0
2026-07-09 09:00:00+02:00,9560.0,9646.0,9540.0,9574.0
2026-07-09 13:00:00+02:00,9579.0,9606.0,9521.0,9586.0
2026-07-10 09:00:00+02:00,9597.0,9664.0,9591.0,9636.0
2026-07-10 13:00:00+02:00,9635.0,9700.0,9628.0,9671.0
2026-07-13 09:00:00+02:00,9604.0,9723.0,9596.0,9683.0
2026-07-13 13:00:00+02:00,9683.0,9722.0,9656.0,9671.0
2026-07-14 09:00:00+02:00,9700.0,9700.0,9530.0,9601.0
2026-07-14 13:00:00+02:00,9600.0,9696.0,9558.0,9680.0
2026-07-15 09:00:00+02:00,9760.0,9800.0,9660.0,9734.0
2026-07-15 13:00:00+02:00,9732.0,9786.0,9718.0,9746.0
2026-07-16 09:00:00+02:00,9779.0,9867.0,9670.0,9850.0
2026-07-16 13:00:00+02:00,9854.0,9858.0,9729.0,9803.0
2026-07-17 09:00:00+02:00,9734.0,9782.0,9685.0,9704.0
2026-07-17 13:00:00+02:00,9702.0,9758.0,9631.0,9746.0
2026-07-20 09:00:00+02:00,9734.0,9775.0,9654.0,9726.0
2026-07-20 13:00:00+02:00,9726.0,9761.0,9665.0,9671.0
2026-07-21 09:00:00+02:00,9655.0,9721.0,9598.0,9627.0
2026-07-21 13:00:00+02:00,9628.0,9650.0,9570.0,9612.0
2026-07-22 09:00:00+02:00,9603.0,9661.0,9551.0,9624.0
2026-07-22 13:00:00+02:00,9625.0,9649.0,9594.0,9633.0
